id,Y
0,-1.1603891388148426
1,0.3645249007579346
2,0.4252267867567906
3,0.0695404837895142
4,-1.1603891388148426
5,0.496142992160162
6,-0.5603413667943423
7,0.3635308064119963
8,0.06064477968381478
9,-1.1603891388148426
10,0.3183193955587237
11,-0.24070566994526726
12,0.0695404837895142
13,0.0695404837895142
14,-0.31516917358555174
15,0.29027037526567606
16,-0.5603413667943423
17,-0.27859934846238404
18,-0.31516917358555174
19,0.0695404837895142
20,-0.31516917358555174
21,-0.31516917358555174
22,0.20212382931660378
23,0.2669550052341614
24,-0.5603413667943423
25,-0.5603413667943423
26,-0.27859934846238404
27,0.496142992160162
28,-1.1603891388148426
29,0.3635308064119963
30,0.25793364170569605
31,0.28764827133870835
32,-0.27859934846238404
33,0.20212382931660378
34,-1.1603891388148426
35,0.1323161567743531
36,0.36949537248762593
37,0.26695500523416144
38,0.29027037526567606
39,0.3644384577713314
40,0.3644384577713314
41,0.06064477968381478
42,0.3183193955587237
43,-1.1603891388148426
44,-0.24070566994526726
45,-0.31516917358555174
46,0.4664195712166079
47,0.3635308064119963
48,-0.31516917358555174
49,0.5118576355807544
50,-1.1603891388148426
51,-0.27859934846238404
52,0.46740524103419057
53,-1.1603891388148426
54,0.06064477968381478
55,0.3635308064119963
56,-0.31516917358555174
57,0.2048647045015877
58,0.29027037526567606
59,0.5118576355807544
60,0.3395037336356391
61,0.4286701464484782
62,0.4664195712166079
63,0.3183193955587237
64,0.3395037336356391
65,0.4252267867567906
66,0.28764827133870835
67,0.4989466751968424
68,-0.24070566994526726
69,0.4252267867567906
70,0.3644384577713314
71,0.3645249007579346
72,-0.31516917358555174
73,-1.1603891388148426
74,0.0695404837895142
75,-0.5603413667943423
76,0.25793364170569605
77,0.4989466751968424
78,0.3395037336356391
79,-0.24070566994526726
80,0.25793364170569605
81,-0.5603413667943423
82,0.4286701464484782
83,-0.31516917358555174
84,0.3645249007579346
85,-1.1603891388148426
86,0.26695500523416144
87,0.25793364170569605
88,0.25793364170569605
89,0.2669550052341614
90,-1.1603891388148426
91,0.1323161567743531
92,0.0695404837895142
93,0.3635308064119963
94,0.20212382931660378
95,0.33746824595109287
96,0.25793364170569605
97,0.33746824595109287
98,0.3644384577713314
99,-0.27859934846238404
100,0.06064477968381478
101,-0.24070566994526726
102,0.4286701464484782
103,-0.27859934846238404
104,0.26695500523416144
105,-0.31516917358555174
106,0.5118576355807544
107,0.3644384577713314
108,-0.24070566994526726
109,-0.27859934846238404
110,-0.27859934846238404
111,-0.24070566994526726
112,0.5118576355807544
113,0.06064477968381478
114,-0.27859934846238404
115,0.4989466751968424
116,0.2669550052341614
117,-0.5603413667943423
118,-0.31516917358555174
119,0.5118576355807544
120,-1.1603891388148426
121,0.3395037336356391
122,-1.1603891388148426
123,-0.27859934846238404
124,0.33746824595109287
125,0.496142992160162
126,-1.1603891388148426
127,0.5109523111731669
128,-0.5603413667943423
129,0.2048647045015877
130,0.3635308064119963
131,0.3183193955587237
132,0.4286701464484782
133,-0.27859934846238404
134,-0.31516917358555174
135,-1.1603891388148426
136,0.4286701464484782
137,0.5109523111731669
138,-0.5603413667943423
139,-0.31516917358555174
140,0.0695404837895142
141,-0.31516917358555174
142,0.4286701464484782
143,0.3645249007579346
144,-0.5603413667943423
145,0.5118576355807544
146,0.3645249007579346
147,0.496142992160162
148,0.3395037336356391
149,0.26695500523416144
150,-1.1603891388148426
151,-0.5603413667943423
152,-0.27859934846238404
153,0.4664195712166079
154,-0.31516917358555174
155,0.3644384577713314
156,-0.27859934846238404
157,0.29027037526567606
158,-0.27859934846238404
159,-0.24070566994526726
160,0.4286701464484782
161,-0.27859934846238404
162,-0.27859934846238404
163,-0.27859934846238404
164,-0.24070566994526726
165,0.31482018346102103
166,0.1323161567743531
167,-0.31516917358555174
168,0.5118576355807544
169,-0.27859934846238404
170,0.33746824595109287
171,0.20212382931660378
172,-0.31516917358555174
173,0.0695404837895142
174,-0.31516917358555174
175,0.4286701464484782
176,0.26695500523416144
177,-0.27859934846238404
178,0.3644384577713314
179,0.33746824595109287
180,-0.31516917358555174
181,0.3644384577713314
182,-1.1603891388148426
183,0.20212382931660378
184,-0.27859934846238404
185,0.4252267867567906
186,-0.5603413667943423
187,0.5118576355807544
188,-1.1603891388148426
189,0.3645249007579346
190,0.4989466751968424
191,0.46740524103419057
192,0.06064477968381478
193,0.25793364170569605
194,-1.1603891388148426
195,0.2669550052341614
196,0.06064477968381478
197,-1.1603891388148426
198,0.1323161567743531
199,0.36949537248762593
200,0.42942295994520957
201,-0.152319637722345
202,0.484624812278627
203,-1.2292668095439494
204,-2.964915721371962
205,0.484624812278627
206,0.484624812278627
207,-1.2292668095439494
208,0.484624812278627
209,0.4846248122786271
210,-2.132495216025863
211,0.484624812278627
212,0.48462481227862725
213,0.484624812278627
214,0.4846248122786271
215,-1.2292668095439494
216,0.48462481227862714
217,0.484624812278627
218,0.4195149351674166
219,-2.132495216025863
220,-1.4417437682121184
221,0.47552560585004183
222,0.48462481227862697
223,-3.7010101448706205
224,0.48462481227862725
225,0.47552560585004183
226,0.484624812278627
227,0.48462481227862697
228,0.484624812278627
229,0.48462481227862714
230,-2.573451340087561
231,-1.2292668095439494
232,0.47552560585004183
233,-0.19599582857955453
234,0.484624812278627
235,0.4846248122786271
236,0.17005224717610634
237,0.48462481227862725
238,0.4195149351674166
239,0.48462481227862725
240,0.48462481227862714
241,0.48462481227862697
242,0.4846248122786269
243,0.4846248122786272
244,0.4846248122786271
245,0.484624812278627
246,0.4846248122786269
247,0.484624812278627
248,0.4846248122786269
249,-0.7710656748661469
250,0.484624812278627
251,0.484624812278627
252,-0.152319637722345
253,0.484624812278627
254,0.4313202412856378
255,0.4846248122786271
256,0.484624812278627
257,-0.2307128007993877
258,-1.2166668125402955
259,0.48462481227862697
260,0.48462481227862725
261,0.4846248122786272
262,0.484624812278627
263,0.43444131015733833
264,-0.6163791655801963
265,0.484624812278627
266,-0.152319637722345
267,-0.152319637722345
268,-0.152319637722345
269,0.484624812278627
270,0.17005224717610634
271,0.484624812278627
272,0.4482279865642858
273,0.4846248122786272
274,0.484624812278627
275,0.48462481227862725
276,0.4846248122786272
277,0.4313202412856378
278,0.484624812278627
279,0.48462481227862714
280,0.4846248122786269
281,0.3612800140244705
282,0.484624812278627
283,-0.152319637722345
284,0.48462481227862714
285,0.484624812278627
286,-2.573451340087561
287,-1.2166668125402955
288,-0.6163791655801963
289,0.484624812278627
290,0.484624812278627
291,0.484624812278627
292,0.4195149351674166
293,0.48462481227862697
294,0.484624812278627
295,0.4846248122786271
296,0.06633705009184163
297,0.48462481227862714
298,0.4846248122786271
299,0.484624812278627
300,0.4313202412856378
301,0.4195149351674166
302,0.4846248122786271
303,-1.7820886113756276
304,0.4846248122786271
305,-0.8181674493200002
306,-1.2292668095439494
307,0.4313202412856378
308,0.484624812278627
309,0.484624812278627
310,-2.132495216025863
311,0.484624812278627
312,0.484624812278627
313,-1.7820886113756276
314,0.4482279865642858
315,0.4846248122786271
316,0.484624812278627
317,-2.132495216025863
318,0.484624812278627
319,0.48462481227862697
320,0.4797423112681666
321,0.4195149351674166
322,0.4514777031459234
323,0.4846248122786269
324,0.4846248122786272
325,-2.964915721371962
326,0.48462481227862714
327,0.4846248122786272
328,-2.964915721371962
329,0.48462481227862725
330,0.48462481227862697
331,-0.8310885102547098
332,0.48462481227862725
333,0.2653339373497212
334,0.484624812278627
335,0.4797423112681666
336,-0.2307128007993877
337,0.17005224717610634
338,-2.566157119097462
339,0.4846248122786271
340,0.42942295994520957
341,0.48462481227862697
342,0.484624812278627
343,0.48462481227862725
344,-0.2307128007993877
345,0.48462481227862725
346,-3.70101014487062
347,0.4846248122786271
348,0.48462481227862714
349,0.47788465936856384
350,-0.46608537663907984
351,0.484624812278627
352,0.4846248122786272
353,0.48462481227862714
354,0.4846248122786271
355,0.4846248122786272
356,0.45025003243730477
357,0.48462481227862725
358,0.484624812278627
359,0.484624812278627
360,0.4846248122786271
361,0.4404286667683555
362,0.4797423112681666
363,0.4846248122786272
364,0.4846248122786272
365,0.4846248122786269
366,0.2653339373497212
367,0.484624812278627
368,0.48462481227862697
369,0.484624812278627
370,0.48462481227862697
371,0.48462481227862725
372,-0.6163791655801963
373,0.17005224717610634
374,0.4797423112681666
375,0.48462481227862697
376,0.484624812278627
377,0.4846248122786269
378,-0.6163791655801963
379,0.4313202412856378
380,-0.2307128007993877
381,-3.70101014487062
382,0.48462481227862725
383,0.484624812278627
384,0.4313202412856378
385,0.484624812278627
386,0.484624812278627
387,0.45025003243730477
388,-1.2292668095439494
389,-0.8181674493200002
390,0.43444131015733833
391,0.42942295994520957
392,-2.964915721371962
393,0.4313202412856378
394,-1.2292668095439494
395,0.4846248122786271
396,0.48462481227862697
397,0.48462481227862697
398,0.48462481227862714
399,0.45025003243730477
400,-0.023275172161817997
401,-0.18295087773804505
402,-0.25881027860271016
403,0.29688268194808715
404,-0.0015012123105146251
405,-0.4433935509506381
406,-0.03268367333213521
407,0.08828277028621727
408,-0.13703739202690157
409,0.39755364447047403
410,-0.25881027860271016
411,0.403601966651388
412,-0.023275172161817997
413,-0.2772663017147668
414,0.10235071965516578
415,0.132905947265433
416,0.13425001886119056
417,0.5917719900577153
418,-0.03268367333213521
419,0.029896300166425516
420,0.1786043815212535
421,-0.15650932379964924
422,-0.42968402067389144
423,-0.4433935509506381
424,-0.18295087773804505
425,-0.18295087773804505
426,-0.4433935509506381
427,0.04715417945597704
428,-0.17606923116775586
429,-0.42968402067389144
430,-0.08187669373693249
431,0.19570097221931398
432,-0.17606923116775586
433,-0.43509870910252246
434,-0.18295087773804505
435,-0.25881027860271016
436,-0.2772663017147668
437,-0.4157440781235859
438,-0.25881027860271016
439,0.19570097221931398
440,-0.43509870910252246
441,-0.43509870910252246
442,-0.03268367333213521
443,0.39755364447047403
444,-0.08187669373693249
445,-0.13703739202690157
446,-0.15650932379964924
447,0.13425001886119056
448,0.5870677394725561
449,-0.08187669373693249
450,-0.023275172161817997
451,-0.18295087773804505
452,-0.25881027860271016
453,0.29688268194808715
454,-0.0015012123105146251
455,-0.4433935509506381
456,-0.03268367333213521
457,0.08828277028621727
458,-0.13703739202690157
459,0.39755364447047403
460,-0.25881027860271016
461,0.403601966651388
462,-0.023275172161817997
463,-0.2772663017147668
464,0.10235071965516578
465,0.132905947265433
466,0.13425001886119056
467,0.5917719900577153
468,-0.03268367333213521
469,0.029896300166425516
470,0.1786043815212535
471,-0.15650932379964924
472,-0.42968402067389144
473,-0.4433935509506381
474,-0.18295087773804505
475,-0.18295087773804505
476,-0.4433935509506381
477,0.04715417945597704
478,-0.17606923116775586
479,-0.42968402067389144
480,-0.08187669373693249
481,0.19570097221931398
482,-0.17606923116775586
483,-0.43509870910252246
484,-0.18295087773804505
485,-0.25881027860271016
486,-0.2772663017147668
487,-0.4157440781235859
488,-0.25881027860271016
489,0.19570097221931398
490,-0.43509870910252246
491,-0.43509870910252246
492,-0.03268367333213521
493,0.39755364447047403
494,-0.08187669373693249
495,-0.13703739202690157
496,-0.15650932379964924
497,0.13425001886119056
498,0.5870677394725561
499,-0.08187669373693249
500,-0.023275172161817997
501,-0.18295087773804505
502,-0.25881027860271016
503,0.29688268194808715
504,-0.0015012123105146251
505,-0.4433935509506381
506,-0.03268367333213521
507,0.08828277028621727
508,-0.13703739202690157
509,0.39755364447047403
510,-0.25881027860271016
511,0.403601966651388
512,-0.023275172161817997
513,-0.2772663017147668
514,0.10235071965516578
515,0.132905947265433
516,0.13425001886119056
517,0.5917719900577153
518,-0.03268367333213521
519,0.029896300166425516
520,0.1786043815212535
521,-0.15650932379964924
522,-0.42968402067389144
523,-0.4433935509506381
524,-0.18295087773804505
525,-0.18295087773804505
526,-0.4433935509506381
527,0.04715417945597704
528,-0.17606923116775586
529,-0.42968402067389144
530,-0.08187669373693249
531,0.19570097221931398
532,-0.17606923116775586
533,-0.43509870910252246
534,-0.18295087773804505
535,-0.25881027860271016
536,-0.2772663017147668
537,-0.4157440781235859
538,-0.25881027860271016
539,0.19570097221931398
540,-0.43509870910252246
541,-0.43509870910252246
542,-0.03268367333213521
543,0.39755364447047403
544,-0.08187669373693249
545,-0.13703739202690157
546,-0.15650932379964924
547,0.13425001886119056
548,0.5870677394725561
549,-0.08187669373693249
550,-0.023275172161817997
551,-0.18295087773804505
552,-0.25881027860271016
553,0.29688268194808715
554,-0.0015012123105146251
555,-0.4433935509506381
556,-0.03268367333213521
557,0.08828277028621727
558,-0.13703739202690157
559,0.39755364447047403
560,-0.25881027860271016
561,0.403601966651388
562,-0.023275172161817997
563,-0.2772663017147668
564,0.10235071965516578
565,0.132905947265433
566,0.13425001886119056
567,0.5917719900577153
568,-0.03268367333213521
569,0.029896300166425516
570,0.1786043815212535
571,-0.15650932379964924
572,-0.42968402067389144
573,-0.4433935509506381
574,-0.18295087773804505
575,-0.18295087773804505
576,-0.4433935509506381
577,0.04715417945597704
578,-0.17606923116775586
579,-0.42968402067389144
580,-0.08187669373693249
581,0.19570097221931398
582,-0.17606923116775586
583,-0.43509870910252246
584,-0.18295087773804505
585,-0.25881027860271016
586,-0.2772663017147668
587,-0.4157440781235859
588,-0.25881027860271016
589,0.19570097221931398
590,-0.43509870910252246
591,-0.43509870910252246
592,-0.03268367333213521
593,0.39755364447047403
594,-0.08187669373693249
595,-0.13703739202690157
596,-0.15650932379964924
597,0.13425001886119056
598,0.5870677394725561
599,-0.08187669373693249
600,-0.10455189918942756
601,0.007328781115988271
602,-0.01475633971023605
603,-0.008150261184430898
604,-0.14295962249607477
605,0.09018342939583883
606,-0.025624881252166738
607,0.14816468017523404
608,0.05051930528490548
609,-0.017821467335719453
610,-0.030730167058028317
611,-0.0050451209002313775
612,-0.037659797529344195
613,-0.03236391849888969
614,-0.021680281828845707
615,-0.0010967843012659084
616,-0.008868462774559273
617,0.039560093486766514
618,-0.03491916827674041
619,-0.008834909494396422
620,0.15832837620342063
621,0.03057233876333295
622,-0.10856985877902851
623,-0.024630745064494836
624,-0.01475633971023605
625,0.051547713946513564
626,-0.0010967843012659084
627,-0.010936625769304964
628,0.05103922624834169
629,-0.024630745064494836
630,-0.03236391849888969
631,0.03182572175639594
632,0.03182572175639594
633,-0.035452328008340896
634,-0.010936625769304964
635,-0.0010967843012659084
636,-0.14037367110143992
637,-0.0010967843012659084
638,-0.052624712115301286
639,0.007328781115988271
640,-0.045659345873419965
641,0.051547713946513564
642,0.15832837620342063
643,0.04089583232423555
644,0.0061557873835800326
645,0.03057233876333295
646,-0.012687370294103028
647,0.14966905587124954
648,0.15832837620342063
649,0.03966558523729758
650,0.09018342939583883
651,-0.030730167058028317
652,0.001006907862491744
653,-0.09628135554795299
654,0.012321260595107832
655,0.04833981818820647
656,0.011820976080023124
657,-0.03689241477410658
658,0.05051930528490548
659,-0.045659345873419965
660,-0.05268999962972874
661,0.003434320594087099
662,0.10175348977967989
663,-0.052624712115301286
664,0.01888450041237055
665,0.02072453888998531
666,0.001006907862491744
667,-0.007531484066031605
668,0.0005805165189932764
669,0.0028739569156965698
670,0.02389793388642839
671,-0.03932826475917647
672,-0.10856985877902851
673,0.018723982082455307
674,0.007328781115988271
675,-0.013235032805211737
676,-0.035452328008340896
677,-0.05268999962972874
678,0.007328781115988271
679,-0.010936625769304964
680,0.09648819339427289
681,-0.09628135554795299
682,0.04898849967781723
683,-0.012220168459182645
684,0.007328781115988271
685,0.04089583232423555
686,0.04283229691274034
687,0.04125898659087598
688,0.02868629238395101
689,-0.010936625769304964
690,0.014027384869169513
691,0.016587378882849214
692,0.15832837620342063
693,0.03226631615252005
694,0.0005805165189932764
695,-0.013235032805211737
696,0.001006907862491744
697,0.09018342939583883
698,0.003434320594087099
699,-0.10856985877902851
700,-0.04258703505814424
701,0.04114448873489455
702,0.0005805165189932764
703,0.0005805165189932764
704,0.034156731549279694
705,0.05964480203776819
706,-0.025624881252166738
707,0.012321260595107832
708,0.09018342939583883
709,-0.03689241477410658
710,-0.06480788619657601
711,0.02878183585443304
712,-0.021680281828845707
713,0.007328781115988271
714,-0.012687370294103028
715,0.051547713946513564
716,-0.0050451209002313775
717,0.15832837620342063
718,0.02072453888998531
719,-0.025910530682645996
720,-0.03689241477410658
721,0.007328781115988271
722,0.051547713946513564
723,-0.03532897986830415
724,0.02389793388642839
725,-0.06480788619657601
726,-0.020004765446410777
727,0.04833981818820647
728,-0.005037599604714423
729,0.003434320594087099
730,0.02868629238395101
731,0.001006907862491744
732,0.011820976080023124
733,0.05964480203776819
734,-0.09628135554795299
735,0.016587378882849214
736,0.012321260595107832
737,-0.012687370294103028
738,-0.052624712115301286
739,0.1562089542532869
740,-0.06480788619657601
741,0.09648819339427289
742,-0.13684281305101598
743,-0.05268999962972874
744,-0.02599790002538746
745,-0.0010967843012659084
746,0.004803533326553101
747,0.002612239212350506
748,-0.14295962249607477
749,0.0061557873835800326
750,-0.02599790002538746
751,0.051547713946513564
752,-0.10456842069335667
753,-0.10894853522694396
754,0.034156731549279694
755,-0.012220168459182645
756,0.04089583232423555
757,-0.10856985877902851
758,0.02072453888998531
759,-0.04098638558503567
760,-0.06480788619657601
761,0.01888450041237055
762,-0.0038545219202853927
763,0.02389793388642839
764,-0.035452328008340896
765,0.05051930528490548
766,-0.010936625769304964
767,0.007328781115988271
768,-0.018202394150474727
769,0.003434320594087099
770,-0.025624881252166738
771,-0.08414467493203118
772,0.051547713946513564
773,0.15832837620342063
774,0.051547713946513564
775,0.05889423862198885
776,-0.03312811199948179
777,-0.0050451209002313775
778,0.02389793388642839
779,-0.040576046898252734
780,-0.008150261184430898
781,-0.14037367110143992
782,-0.06480788619657601
783,0.012321260595107832
784,0.025567349260244773
785,-0.010936625769304964
786,-0.008834909494396422
787,0.027082131828670114
788,-0.09628135554795299
789,0.14966905587124954
790,0.09018342939583883
791,0.003434320594087099
792,-0.13684281305101598
793,-0.02599790002538746
794,0.007328781115988271
795,0.002612239212350506
796,-0.015543745342644208
797,0.001006907862491744
798,0.0028739569156965698
799,0.10175348977967989
800,0.33527138906319437
801,-0.09894214599722165
802,-0.1782858222592656
803,0.33527138906319437
804,0.26787624145554345
805,-0.22207044537250817
806,-0.041407427061680956
807,0.03676347741204149
808,-0.05314919344198113
809,-0.5598445204856728
810,-0.29917867656899616
811,-0.32833790656645484
812,-0.09894214599722165
813,0.33527138906319437
814,0.11914083412768398
815,0.1596864789886558
816,-0.18119084819641207
817,0.5877134904551254
818,-0.12975154220924773
819,-0.18119084819641207
820,-0.13104594801434985
821,0.1596864789886558
822,0.4779849721333259
823,0.33527138906319437
824,-0.1782858222592656
825,-0.17785507306684242
826,0.006038936331675808
827,-0.40834505003055616
828,-0.09900134229499807
829,-0.40834505003055616
830,-0.25684557957544074
831,-0.32833790656645484
832,0.3985391958347501
833,0.21388491791009864
834,-0.03783004076532668
835,-0.40834505003055616
836,0.3985391958347501
837,0.38208696973526624
838,-0.17783178355197457
839,-0.041407427061680956
840,-0.29917867656899616
841,-0.48560654048717494
842,0.41609056941598177
843,0.15372760672146055
844,0.4035378386927269
845,0.4492155714139077
846,0.33527138906319437
847,0.2630775487592746
848,-0.261785779698977
849,-0.2935677338270609
850,0.594110640610976
851,0.05506336512902689
852,-0.22626936920632115
853,0.05506336512902689
854,0.5877134904551254
855,0.5877134904551254
856,-0.07755748342543252
857,-0.05314919344198113
858,-0.5594232631107977
859,-0.12975154220924773
860,-0.09703010557903782
861,-0.17783178355197457
862,-0.15886494379196858
863,0.33527138906319437
864,-0.42081905534248565
865,0.024401733925191224
866,0.2627282060362529
867,-0.32833790656645484
868,-0.2073169065420372
869,-0.25684557957544074
870,-0.27462471787313897
871,-0.17785507306684242
872,-0.09894214599722165
873,0.594110640610976
874,-0.03783004076532668
875,-0.29917867656899616
876,-0.261785779698977
877,0.15372760672146055
878,0.23458670890396524
879,-0.2935677338270609
880,0.41609056941598177
881,0.24819226741797593
882,-0.17785507306684242
883,-0.3329419955134225
884,0.009454731845664302
885,-0.13104594801434985
886,0.10232526644314985
887,-0.12975154220924773
888,-0.1782858222592656
889,0.18592487702508945
890,-0.17523653722461843
891,-0.03783004076532668
892,-0.40834505003055616
893,-0.3392499222753421
894,-0.05459143404161123
895,-0.03783004076532668
896,0.04383449188905008
897,0.42308196374285784
898,0.01990046539034443
899,0.024401733925191224
900,0.578459924645838
901,0.01990046539034443
902,-0.3185392692134128
903,0.40537648460336645
904,0.1596864789886558
905,-0.2111487284327287
906,0.23013007334278587
907,-0.12975154220924773
908,0.18592487702508945
909,-0.1593942509480623
910,-0.31773455020374275
911,0.28698811735719065
912,-0.28665481433446616
913,-0.17791402053950275
914,0.07544169063861453
915,0.10232526644314985
916,-0.09894214599722165
917,0.5781451079712989
918,0.23458670890396524
919,0.33527138906319437
920,-0.5598445204856728
921,0.006950482935115594
922,0.10232526644314985
923,0.03676347741204149
924,0.434416496969763
925,-0.32833790656645484
926,-0.22207044537250817
927,0.15013854930093576
928,0.2630775487592746
929,-0.12975154220924773
930,0.33527138906319437
931,0.0016915602229643047
932,0.33527138906319437
933,0.15372760672146055
934,-0.17785507306684242
935,0.28698811735719065
936,-0.17121544410080963
937,0.006950482935115594
938,-0.17785507306684242
939,-0.041407427061680956
940,0.33527138906319437
941,0.2630775487592746
942,0.5877134904551254
943,0.0016915602229643047
944,-0.17785507306684242
945,0.04121316121125532
946,0.05506336512902689
947,-0.5598445204856728
948,-0.17121544410080963
949,0.07544169063861453
950,-0.14540715724854159
951,-0.12975154220924773
952,0.15372760672146055
953,-0.09305894471050302
954,0.2630775487592746
955,-0.20509110209077347
956,-0.17523653722461843
957,-0.26080890396833434
958,0.41609056941598177
959,0.28698811735719065
960,0.3985391958347501
961,-0.07924363329029178
962,0.01990046539034443
963,-0.13104594801434985
964,0.0016915602229638812
965,-0.22626936920632115
966,-0.17551127029518998
967,-0.03151756282969706
968,0.1596864789886558
969,-0.22247002038249983
970,0.26791849165097115
971,0.33527138906319437
972,-0.15886494379196858
973,-0.2935677338270609
974,0.38208696973526624
975,0.40537648460336645
976,-0.13104594801434985
977,0.03676347741204149
978,-0.18119084819641207
979,-0.32285214233713533
980,-0.5594232631107977
981,0.0016915602229643047
982,-0.261785779698977
983,-0.28665481433446616
984,0.26787624145554345
985,-0.17783178355197457
986,-0.09900134229499807
987,-0.10699284249483654
988,-0.28665481433446616
989,-0.06714189483164336
990,-0.10699284249483654
991,0.01990046539034443
992,0.5877134904551254
993,-0.3392499222753421
994,0.15013854930093576
995,0.41609056941598177
996,-0.2956810416576847
997,-0.5594232631107977
998,-0.1782858222592656
999,0.03676347741204149
1000,-0.3395815464681541
1001,0.655585323937295
1002,0.34828076841135863
1003,-0.6695079870103317
1004,-0.7696731576674379
1005,-0.5838687440112456
1006,-0.06592314433009826
1007,0.23070141916110423
1008,-0.28226592414649393
1009,-0.5423560922936425
1010,-0.46877861124076264
1011,-0.2772276963771427
1012,0.2296837690630985
1013,-0.9856468029275423
1014,0.23070141916110423
1015,0.17610944718410262
1016,0.07255219732780249
1017,0.2166644132158749
1018,-0.05195583697506199
1019,-0.5423560922936425
1020,0.23070141916110423
1021,0.3375309590647757
1022,0.17610944718410262
1023,-0.9856468029275423
1024,-0.14174539547243703
1025,1.187737531927373
1026,0.3204909177988228
1027,0.5587323437801077
1028,-0.5838687440112456
1029,-0.003968388554096129
1030,-0.2772276963771427
1031,1.639079371520607
1032,-0.05195583697506199
1033,-0.7584494867991287
1034,-0.1691610947905282
1035,0.3995356527602788
1036,-1.6679670887104765
1037,0.30316160373900053
1038,-0.160780730729788
1039,0.23070141916110423
1040,-0.5423560922936425
1041,0.17610944718410262
1042,-0.019182653391170257
1043,-0.09924499056290499
1044,1.1113167819780359
1045,0.013216334003533406
1046,-0.6102469557407394
1047,0.1819756936462667
1048,-0.29079582062534215
1049,-0.4041301209817377
1050,-0.49431873189236225
1051,-0.02442035848175994
1052,-0.41842996137276584
1053,-1.1896485405760706
1054,0.36849841122385507
1055,-0.13201812326608847
1056,0.6779727581284082
1057,-0.0737048898645236
1058,0.25921453356651164
1059,1.311647113315645
1060,0.27136109694398164
1061,-0.2885012652585128
1062,-0.4041301209817377
1063,-0.20918724863356453
1064,-0.05195583697506199
1065,0.48932510949623437
1066,-0.7584494867991287
1067,-1.1896485405760706
1068,-0.6832757182756927
1069,0.6426406729429778
1070,0.3204909177988228
1071,-0.6102469557407394
1072,0.48932510949623437
1073,-1.211437402133277
1074,-0.6065555602947634
1075,0.22010628367840668
1076,-0.04636895952638731
1077,-0.06811802837842433
1078,0.032446316406571335
1079,-0.49431873189236225
1080,-0.0304063242594787
1081,0.062176563219527164
1082,0.23070141916110423
1083,0.25921453356651164
1084,1.6016671702110465
1085,-0.4041301209817377
1086,-0.5733335001114731
1087,0.17610944718410262
1088,0.6779727581284082
1089,-0.2772276963771427
1090,0.2296837690630985
1091,0.10008766983513845
1092,0.2296837690630985
1093,-0.160780730729788
1094,-1.0370462957388888
1095,0.03525964849051023
1096,0.6066200819737936
1097,1.3178326412157813
1098,0.3667624153026935
1099,0.3748434691026159
1100,-0.41842996137276584
1101,-0.20468349349620554
1102,-1.211437402133277
1103,-0.06592314433009826
1104,0.512221413631095
1105,0.03525964849051023
1106,0.10463705171393059
1107,0.4822915847425
1108,-0.2885012652585128
1109,0.03525964849051023
1110,-0.1223242341257747
1111,-0.20918724863356453
1112,0.3667624153026935
1113,0.19027622088610566
1114,-0.4691776905908575
1115,-0.38417696158233094
1116,0.3667624153026935
1117,-0.1691610947905282
1118,-1.1896485405760706
1119,0.4549057613796057
1120,0.5363790868881714
1121,-1.358392891906105
1122,-0.6695079870103317
1123,-0.29897669539291166
1124,-0.1691610947905282
1125,0.10463705171393059
1126,0.9195664845709733
1127,-0.46877861124076264
1128,0.05479392197672219
1129,1.1617585003117294
1130,-0.5423560922936425
1131,0.3748434691026159
1132,-0.06811802837842433
1133,0.1030806676889125
1134,-0.28226592414649393
1135,0.25921453356651164
1136,0.5587323437801077
1137,0.3389276894012135
1138,0.6426406729429778
1139,-0.0304063242594787
1140,-0.0960125929868004
1141,-0.2885012652585128
1142,-0.5838687440112456
1143,-0.5797470491256149
1144,-1.0201858254649796
1145,0.10308069263043666
1146,0.20204862024895368
1147,0.03525964849051023
1148,-0.05195583697506199
1149,1.187737531927373
1150,-0.25440121154945106
1151,0.3939985695679247
1152,0.015286527890558696
1153,0.0653690383945395
1154,-0.33344593154599295
1155,-0.25440121154945106
1156,-0.42667733855735807
1157,-0.2772276963771427
1158,-0.12486493606347344
1159,-0.467381855962798
1160,0.155358127089183
1161,-0.18424570460651551
1162,0.2166644132158749
1163,0.20204862024895368
1164,0.10816871365844911
1165,0.10816871365844911
1166,2.028602704081623
1167,-0.06961440010353803
1168,-0.3160367178126325
1169,-1.0091118187060286
1170,0.2296837690630985
1171,1.3178326412157813
1172,0.16453658799513302
1173,-0.2558778216062127
1174,0.3204909177988228
1175,-0.04636895952638731
1176,0.3939985695679247
1177,-0.49431873189236225
1178,-0.3558434301409012
1179,0.20204862024895368
1180,-0.017636323793335462
1181,-0.6727004322555133
1182,-0.18424570460651551
1183,-0.29897669539291166
1184,-0.5423560922936425
1185,0.3204909177988228
1186,-0.44603194128542895
1187,0.07105575077811452
1188,-0.672401213779504
1189,-0.5027845721238547
1190,0.062176563219527164
1191,0.10463705171393059
1192,-0.8225492086571737
1193,-0.026814774722675995
1194,0.3204909177988228
1195,-0.42667733855735807
1196,2.028602704081623
1197,0.062176563219527164
1198,-0.9290993795473549
1199,0.25921453356651164
1200,-0.8893600564657757
1201,1.0419896907009694
1202,-0.3330157543636397
1203,-0.7455715035953373
1204,-0.5088029250147471
1205,1.7144121061223856
1206,-0.8023433194960456
1207,-0.8488881451773709
1208,1.8686332407253456
1209,-0.7523185614064984
1210,1.0419896907009694
1211,-0.8081423409808497
1212,-0.7537960161901582
1213,1.0419896907009694
1214,-0.01742805040573064
1215,0.2986926757038335
1216,-0.1617144657255292
1217,1.0419896907009694
1218,1.5823886090986254
1219,-0.5491119681314118
1220,1.5823886090986254
1221,-0.7832009045353058
1222,-0.7251971261642947
1223,0.4766871970839378
1224,1.0419896907009694
1225,-0.7523185614064984
1226,0.2986926757038335
1227,-0.3189751086074477
1228,2.3407384246692593
1229,1.0419896907009694
1230,-0.6768334291646796
1231,-0.5088029250147471
1232,0.8859713606157501
1233,-0.60906302909189
1234,-0.48290869209559734
1235,-0.1617144657255292
1236,0.2905945251165166
1237,1.8686332407253456
1238,-0.8564061382068513
1239,-0.6495720285549538
1240,1.5823886090986254
1241,-0.2122136475169175
1242,1.0419896907009694
1243,-0.48290869209559734
1244,0.4766871970839378
1245,0.2905945251165166
1246,-0.7943565166460771
1247,1.0419896907009694
1248,-0.3330157543636397
1249,-0.7139858435274261
1250,-0.8972028210277603
1251,-0.5618372407216107
1252,-0.7700216331908835
1253,-0.6768334291646796
1254,1.5823886090986254
1255,-0.7153737853395491
1256,-0.6768334291646796
1257,-0.8893600564657757
1258,-0.7961314676329084
1259,-0.8023433194960456
1260,0.09718000912439209
1261,-0.7832009045353058
1262,0.8859713606157501
1263,-0.2122136475169175
1264,-0.5618372407216107
1265,-0.7153737853395491
1266,-0.7523185614064984
1267,-0.7700216331908835
1268,0.8859713606157501
1269,-0.7523185614064984
1270,-0.7174884378389244
1271,1.5823886090986254
1272,-0.7700216331908835
1273,1.0419896907009694
1274,-0.7961314676329084
1275,0.09718000912439209
1276,2.3407384246692593
1277,-0.6892268646990252
1278,2.3407384246692593
1279,2.3407384246692593
1280,-0.3330157543636397
1281,-0.7139858435274261
1282,-0.6295434615349528
1283,-0.6259509225375094
1284,-0.8488881451773709
1285,1.7144121061223856
1286,-0.1617144657255292
1287,1.8686332407253456
1288,1.8686332407253456
1289,-0.2281369035448068
1290,0.4766871970839378
1291,-0.7700216331908835
1292,2.3407384246692593
1293,0.4766871970839378
1294,-0.6593984579702851
1295,0.8859713606157501
1296,-0.3189751086074477
1297,0.34084763714709126
1298,-0.7961314676329084
1299,0.2986926757038335
1300,1.5823886090986254
1301,-0.7700216331908835
1302,2.3407384246692593
1303,0.8859713606157501
1304,-0.8081423409808497
1305,-0.8023433194960456
1306,2.3407384246692593
1307,0.2905945251165166
1308,1.8686332407253456
1309,-0.6295434615349528
1310,1.0419896907009694
1311,-0.6259509225375094
1312,1.5823886090986254
1313,-0.2281369035448068
1314,-0.6392860048520702
1315,-0.7943565166460771
1316,-0.48290869209559734
1317,0.2986926757038335
1318,0.4766871970839378
1319,0.09718000912439209
1320,-0.8217571872341729
1321,-0.8081423409808497
1322,0.4766871970839378
1323,-0.8893600564657757
1324,-0.8488881451773709
1325,0.7941396482062077
1326,-0.2122136475169175
1327,-0.2122136475169175
1328,-0.7523185614064984
1329,-0.7120994502934521
1330,0.4766871970839378
1331,-0.2122136475169175
1332,-0.7537960161901582
1333,0.09718000912439209
1334,1.5823886090986254
1335,-0.5491119681314118
1336,-0.8893600564657757
1337,1.5823886090986254
1338,-0.8081423409808497
1339,0.2986926757038335
1340,-0.8564061382068513
1341,-0.8488881451773709
1342,0.2905945251165166
1343,0.2905945251165166
1344,-0.8488881451773709
1345,-0.7832009045353058
1346,0.2986926757038335
1347,-0.7961314676329084
1348,-0.8391647751119108
1349,-0.8972028210277603
1350,1.8686332407253456
1351,-0.2122136475169175
1352,-0.5491119681314118
1353,2.3407384246692593
1354,-0.48290869209559734
1355,0.2905945251165166
1356,-0.861631047426332
1357,-0.7153737853395491
1358,1.7144121061223856
1359,-0.3189751086074477
1360,-0.8081423409808497
1361,0.2905945251165166
1362,-0.7523185614064984
1363,-0.3189751086074477
1364,-0.6281018388117672
1365,-0.7537960161901582
1366,-0.6259509225375094
1367,0.2905945251165166
1368,-0.8893600564657757
1369,-0.6495720285549538
1370,-0.6593984579702851
1371,0.4766871970839378
1372,-0.7523185614064984
1373,-0.6892268646990252
1374,-0.7832009045353058
1375,-0.7961314676329084
1376,0.7941396482062077
1377,-0.8598698314147251
1378,0.4766871970839378
1379,-0.1617144657255292
1380,-0.8488881451773709
1381,-0.48290869209559734
1382,-0.5063343684089063
1383,0.09718000912439209
1384,-0.2281369035448068
1385,-0.7943565166460771
1386,-0.7455715035953373
1387,-0.861631047426332
1388,2.3407384246692593
1389,1.5823886090986254
1390,-0.2281369035448068
1391,0.2905945251165166
1392,-0.3189751086074477
1393,0.09718000912439209
1394,-0.2122136475169175
1395,-0.7455715035953373
1396,0.09718000912439209
1397,-0.7961314676329084
1398,0.2905945251165166
1399,-0.2122136475169175
1400,0.09184875901504688
1401,-0.18443915553263665
1402,0.19672526772512292
1403,-0.1169145609741971
1404,-0.018416102374410742
1405,-0.04107703164557367
1406,0.06787608791085739
1407,-0.011739572086546291
1408,-0.1169145609741971
1409,-0.1449167144756514
1410,0.48393087017158626
1411,0.15817661321238613
1412,-0.11551641698450318
1413,0.1183206660558715
1414,-0.054842466150846744
1415,-0.021990009763796774
1416,0.06787608791085739
1417,-0.04264440961154819
1418,-0.12082380540519108
1419,0.1897149109228658
1420,-0.173599612241751
1421,0.15817661321238613
1422,0.48393087017158626
1423,0.15817661321238613
1424,0.06787608791085739
1425,-0.12082380540519108
1426,-0.174097079204376
1427,-0.12082380540519108
1428,-0.174097079204376
1429,-0.09586385371363675
1430,-0.093219424070208
1431,0.006954712719473797
1432,-0.13949694283020875
1433,-0.1638492597742974
1434,-0.12082380540519108
1435,-0.1549158004244176
1436,0.19672526772512292
1437,-0.009068959971400697
1438,-0.12192588606085297
1439,-0.07958209665869366
1440,-0.12082380540519108
1441,0.038818780799202514
1442,-0.07958209665869366
1443,0.006954712719473797
1444,-0.018416102374410742
1445,-0.04264440961154819
1446,-0.093219424070208
1447,-0.050788858476071966
1448,-0.12192588606085297
1449,-0.1169145609741971
1450,0.006954712719473797
1451,-0.03373284832892283
1452,0.48393087017158626
1453,0.19672526772512292
1454,-0.18443915553263665
1455,-0.173599612241751
1456,-0.1169145609741971
1457,-0.07774558328539306
1458,-0.14602423302928563
1459,0.1183206660558715
1460,-0.13427353972264425
1461,-0.093219424070208
1462,-0.13427353972264425
1463,0.15817661321238613
1464,0.15817661321238613
1465,-0.021990009763796774
1466,-0.174097079204376
1467,0.48393087017158626
1468,-0.174097079204376
1469,-0.11324028744322866
1470,-0.009068959971400697
1471,0.006954712719473797
1472,0.019113852584901815
1473,0.19672526772512292
1474,0.48393087017158626
1475,0.1183206660558715
1476,-0.09586385371363675
1477,-0.07586917281233319
1478,-0.12192588606085297
1479,-0.07720884261519226
1480,-0.09586385371363675
1481,-0.12192588606085297
1482,-0.12192588606085297
1483,0.1183206660558715
1484,0.48393087017158626
1485,-0.1638492597742974
1486,0.1183206660558715
1487,-0.04107703164557367
1488,0.48393087017158626
1489,-0.07586917281233319
1490,-0.10280220871867222
1491,0.09184875901504688
1492,-0.1322705806362851
1493,-0.174097079204376
1494,0.19672526772512292
1495,-0.1549158004244176
1496,0.019113852584901815
1497,0.1897149109228658
1498,-0.173599612241751
1499,-0.06081206970234898
1500,0.09184875901504688
1501,-0.18443915553263665
1502,0.19672526772512292
1503,-0.1169145609741971
1504,-0.018416102374410742
1505,-0.04107703164557367
1506,0.06787608791085739
1507,-0.011739572086546291
1508,-0.1169145609741971
1509,-0.1449167144756514
1510,0.48393087017158626
1511,0.15817661321238613
1512,-0.11551641698450318
1513,0.1183206660558715
1514,-0.054842466150846744
1515,-0.021990009763796774
1516,0.06787608791085739
1517,-0.04264440961154819
1518,-0.12082380540519108
1519,0.1897149109228658
1520,-0.173599612241751
1521,0.15817661321238613
1522,0.48393087017158626
1523,0.15817661321238613
1524,0.06787608791085739
1525,-0.12082380540519108
1526,-0.174097079204376
1527,-0.12082380540519108
1528,-0.174097079204376
1529,-0.09586385371363675
1530,-0.093219424070208
1531,0.006954712719473797
1532,-0.13949694283020875
1533,-0.1638492597742974
1534,-0.12082380540519108
1535,-0.1549158004244176
1536,0.19672526772512292
1537,-0.009068959971400697
1538,-0.12192588606085297
1539,-0.07958209665869366
1540,-0.12082380540519108
1541,0.038818780799202514
1542,-0.07958209665869366
1543,0.006954712719473797
1544,-0.018416102374410742
1545,-0.04264440961154819
1546,-0.093219424070208
1547,-0.050788858476071966
1548,-0.12192588606085297
1549,-0.1169145609741971
1550,0.006954712719473797
1551,-0.03373284832892283
1552,0.48393087017158626
1553,0.19672526772512292
1554,-0.18443915553263665
1555,-0.173599612241751
1556,-0.1169145609741971
1557,-0.07774558328539306
1558,-0.14602423302928563
1559,0.1183206660558715
1560,-0.13427353972264425
1561,-0.093219424070208
1562,-0.13427353972264425
1563,0.15817661321238613
1564,0.15817661321238613
1565,-0.021990009763796774
1566,-0.174097079204376
1567,0.48393087017158626
1568,-0.174097079204376
1569,-0.11324028744322866
1570,-0.009068959971400697
1571,0.006954712719473797
1572,0.019113852584901815
1573,0.19672526772512292
1574,0.48393087017158626
1575,0.1183206660558715
1576,-0.09586385371363675
1577,-0.07586917281233319
1578,-0.12192588606085297
1579,-0.07720884261519226
1580,-0.09586385371363675
1581,-0.12192588606085297
1582,-0.12192588606085297
1583,0.1183206660558715
1584,0.48393087017158626
1585,-0.1638492597742974
1586,0.1183206660558715
1587,-0.04107703164557367
1588,0.48393087017158626
1589,-0.07586917281233319
1590,-0.10280220871867222
1591,0.09184875901504688
1592,-0.1322705806362851
1593,-0.174097079204376
1594,0.19672526772512292
1595,-0.1549158004244176
1596,0.019113852584901815
1597,0.1897149109228658
1598,-0.173599612241751
1599,-0.06081206970234898
1600,0.05034565491028526
1601,-0.05060504208223452
1602,-0.055713681288342955
1603,-0.055713681288342955
1604,0.05034565491028526
1605,-0.030441514637264487
1606,0.05034565491028526
1607,0.059686143634230596
1608,-0.018504820944041562
1609,-0.025117829492303758
1610,-0.018680852197009466
1611,-0.19569267342471258
1612,-0.018680852197009466
1613,0.0385649100179271
1614,-0.10973954988883405
1615,0.03875248571915141
1616,0.0385649100179271
1617,0.0385649100179271
1618,-0.050827941357038796
1619,0.04494215186712412
1620,-0.050827941357038796
1621,0.18385927887694822
1622,-0.049529521246927465
1623,-0.07406970791420597
1624,0.010119071063838346
1625,-0.02572284073089194
1626,0.05196537088611306
1627,-0.05108517362184312
1628,-0.1304810094808609
1629,0.034571833420820285
1630,0.18385927887694822
1631,-0.05060504208223452
1632,0.04567391965304085
1633,-0.20599241462953632
1634,-0.10973954988883405
1635,-0.04952624814513736
1636,0.18342403970229554
1637,0.18342403970229554
1638,0.06044775683157463
1639,0.0385649100179271
1640,0.014071077921813474
1641,0.014071077921813474
1642,0.12140476094097372
1643,-0.19569267342471258
1644,-0.06494182576948691
1645,0.0012025492967748677
1646,-0.0033395525984281442
1647,-0.050827941357038796
1648,0.03631087077536964
1649,-0.006242704656223207
1650,-0.08333479493980656
1651,0.12233764332814438
1652,-0.050452390094167514
1653,-0.1317872147112723
1654,0.0018440188314938874
1655,-0.05060504208223452
1656,0.05196537088611306
1657,-0.20599241462953632
1658,0.07099920939662434
1659,-0.1317872147112723
1660,0.0012025492967748677
1661,-0.07719877975360945
1662,-0.04952624814513736
1663,-0.06234817950399959
1664,0.059686143634230596
1665,0.03631087077536964
1666,-0.07406970791420597
1667,0.04797216472714052
1668,0.1669582236643901
1669,-0.05060504208223452
1670,-0.04952624814513736
1671,0.19476791825486262
1672,0.034571833420820285
1673,-0.04951292750362229
1674,0.03875248571915141
1675,-0.05108517362184312
1676,-0.0033395525984281442
1677,-0.19569267342471258
1678,-0.06967205271298861
1679,0.03875248571915141
1680,0.013899053242331032
1681,-0.09065601905611995
1682,-0.04951292750362229
1683,0.034571833420820285
1684,-0.1317872147112723
1685,-0.19569267342471258
1686,0.6021248016584753
1687,-0.04115205977294491
1688,-0.041178941225057726
1689,0.06044775683157463
1690,0.047129135537393285
1691,0.014071077921813474
1692,-0.19569267342471258
1693,0.1627415978331641
1694,-0.04952624814513736
1695,0.06044775683157463
1696,0.1828778964901293
1697,0.18342403970229554
1698,-0.06494182576948691
1699,-0.048845634938099354
1700,0.006685238634048156
1701,0.0018860640206163608
1702,-0.10973954988883405
1703,-0.0012439271340748915
1704,0.047129135537393285
1705,-0.049529521246927465
1706,0.04567391965304085
1707,0.12233764332814438
1708,-0.053632468857286786
1709,0.19476791825486262
1710,-0.056493320840938215
1711,-0.007861704363114291
1712,-0.023354822836722546
1713,-0.06234817950399959
1714,0.003203891142244748
1715,-0.03109521749838524
1716,-0.018504820944041562
1717,-0.00023311430699178256
1718,-0.04439457411449001
1719,0.05034565491028526
1720,-0.07097885620705303
1721,-0.10168209692283
1722,-0.049529521246927465
1723,-0.09065601905611995
1724,-0.07718773814898154
1725,-0.025364194413495147
1726,0.14983378934111616
1727,-0.02572284073089194
1728,-0.055713681288342955
1729,0.046740208334913505
1730,-0.1317872147112723
1731,0.14462059648455597
1732,0.06044775683157463
1733,0.04494215186712412
1734,0.014071077921813474
1735,-0.10973954988883405
1736,-0.050452390094167514
1737,0.019285179889312727
1738,-0.10168209692283
1739,-0.04952624814513736
1740,-0.07406970791420597
1741,-0.07406970791420597
1742,-0.025117829492303758
1743,0.04472581715053671
1744,-0.07583212201599619
1745,0.013899053242331032
1746,0.14462059648455597
1747,0.05196537088611306
1748,0.010119071063838346
1749,0.04797216472714052
1750,-0.030441514637264487
1751,-0.055713681288342955
1752,-0.018504820944041562
1753,0.003296347713324187
1754,-0.07601656710517506
1755,-0.19569267342471258
1756,-0.1304810094808609
1757,0.003203891142244748
1758,-0.19569267342471258
1759,-0.002512888883975539
1760,-0.050452390094167514
1761,0.003296347713324187
1762,-0.10973954988883405
1763,-0.07719877975360945
1764,-0.1317872147112723
1765,-0.09065601905611995
1766,0.04797216472714052
1767,-0.048845634938099354
1768,-0.050452390094167514
1769,-0.049529521246927465
1770,0.010119071063838346
1771,0.006685238634048156
1772,0.6021248016584753
1773,0.12233764332814438
1774,-0.10973954988883405
1775,0.07099920939662434
1776,-0.06967205271298861
1777,-0.08333479493980656
1778,0.014071077921813474
1779,-0.002512888883975539
1780,-0.08333479493980656
1781,-0.018504820944041562
1782,0.0018440188314938874
1783,-0.06967205271298861
1784,0.0018440188314938874
1785,-0.06967205271298861
1786,-0.1317872147112723
1787,-0.02572284073089194
1788,0.05196537088611306
1789,-0.025535614149126678
1790,-0.1317872147112723
1791,-0.041178941225057726
1792,0.013899053242331032
1793,0.1643897762884007
1794,0.13907510163143313
1795,0.010119071063838346
1796,-0.07644071221972973
1797,0.03875248571915141
1798,0.010119071063838346
1799,-0.07406970791420597
1800,0.040160959392264446
1801,0.19532492600569573
1802,0.0323518028653933
1803,0.24232889007206296
1804,0.032109084838215014
1805,-0.17863301383056718
1806,0.24232889007206296
1807,-0.04011152767078595
1808,-0.12525542179036417
1809,-0.06578700892790185
1810,0.0323518028653933
1811,0.00867979407480001
1812,-0.1873894863230692
1813,0.00867979407480001
1814,0.4028734926906376
1815,-0.24772999008505453
1816,0.325089465539389
1817,0.4028734926906376
1818,0.4028734926906376
1819,-0.015666945018167868
1820,-0.12268732845985796
1821,0.0726812350661945
1822,0.01652063901159061
1823,-0.35349309721529376
1824,-0.05904623516828845
1825,0.1849504025380196
1826,-0.2712283148867192
1827,0.0323518028653933
1828,-0.04011152767078595
1829,0.06323898666294336
1830,-0.35349309721529376
1831,-0.06949439154698579
1832,0.06323898666294336
1833,-0.1873894863230692
1834,-0.1873894863230692
1835,-0.11763986526920135
1836,-0.035187482065792544
1837,-0.2712283148867192
1838,-0.12268732845985796
1839,0.4105423404379438
1840,-0.020642091979556423
1841,0.12079499446200159
1842,0.19532492600569573
1843,0.032109084838215014
1844,-0.15674247914700457
1845,-0.06578700892790185
1846,0.16882926802906137
1847,0.015862960887344596
1848,0.0476062725606789
1849,-0.35349309721529376
1850,0.09910509193384563
1851,0.014164281728757671
1852,0.24232889007206296
1853,-0.17288216851428903
1854,-0.05531088979965904
1855,-0.11763986526920135
1856,0.24232889007206296
1857,0.4105423404379438
1858,-0.15674247914700457
1859,-0.05531088979965904
1860,-0.04011152767078595
1861,-0.04011152767078595
1862,0.015862960887344596
1863,-0.05904623516828845
1864,-0.020642091979556423
1865,0.00867979407480001
1866,-0.05531088979965904
1867,0.24232889007206296
1868,0.0323518028653933
1869,0.0726812350661945
1870,-0.05904623516828845
1871,0.325089465539389
1872,0.1849504025380196
1873,-0.015666945018167868
1874,0.015862960887344596
1875,-0.1523828721842688
1876,0.040160959392264446
1877,0.08509561416163658
1878,0.19532492600569573
1879,-0.1523828721842688
1880,0.4061352428688749
1881,-0.17863301383056718
1882,0.0476062725606789
1883,-0.1613863357785034
1884,0.1849504025380196
1885,0.032109084838215014
1886,-0.23774918162897737
1887,0.0323518028653933
1888,-0.1613863357785034
1889,-0.1523828721842688
1890,-0.17288216851428903
1891,0.008990072750447562
1892,0.015862960887344596
1893,0.0726812350661945
1894,0.00867979407480001
1895,0.040160959392264446
1896,0.00867979407480001
1897,0.4028734926906376
1898,-0.19243183215341375
1899,0.0323518028653933
1900,-0.020642091979556423
1901,0.015862960887344596
1902,0.0476062725606789
1903,-0.05531088979965904
1904,0.325089465539389
1905,0.015862960887344596
1906,-0.035187482065792544
1907,0.00867979407480001
1908,0.032109084838215014
1909,0.0476062725606789
1910,-0.12268732845985796
1911,-0.06949439154698579
1912,-0.24772999008505453
1913,-0.05531088979965904
1914,0.027906053546071938
1915,0.040160959392264446
1916,0.24232889007206296
1917,0.014164281728757671
1918,0.040160959392264446
1919,-0.06949439154698579
1920,-0.11763986526920135
1921,0.16882926802906137
1922,-0.015666945018167868
1923,-0.06949439154698579
1924,0.00867979407480001
1925,0.4061352428688749
1926,0.325089465539389
1927,-0.05531088979965904
1928,-0.020642091979556423
1929,0.1849504025380196
1930,-0.23774918162897737
1931,0.01652063901159061
1932,0.01652063901159061
1933,0.4105423404379438
1934,-0.06578700892790185
1935,-0.24772999008505453
1936,-0.35349309721529376
1937,0.4061352428688749
1938,-0.1873894863230692
1939,-0.1488924720337681
1940,0.01652063901159061
1941,-0.21446875096751214
1942,-0.11763986526920135
1943,-0.1523828721842688
1944,-0.35349309721529376
1945,-0.17288216851428903
1946,0.015862960887344596
1947,-0.1873894863230692
1948,-0.2712283148867192
1949,0.10228800381252691
1950,-0.035187482065792544
1951,-0.15674247914700457
1952,-0.04011152767078595
1953,0.032109084838215014
1954,-0.1613863357785034
1955,-0.02166642273401482
1956,0.24232889007206296
1957,-0.1613863357785034
1958,-0.020642091979556423
1959,-0.020642091979556423
1960,0.1849504025380196
1961,-0.21446875096751214
1962,0.03374172299663982
1963,-0.11763986526920135
1964,-0.17288216851428903
1965,-0.24772999008505453
1966,0.040160959392264446
1967,0.03374172299663982
1968,-0.020642091979556423
1969,0.0476062725606789
1970,0.01652063901159061
1971,0.4105423404379438
1972,-0.02166642273401482
1973,-0.21446875096751214
1974,-0.17288216851428903
1975,-0.35349309721529376
1976,-0.1488924720337681
1977,-0.11763986526920135
1978,-0.04011152767078595
1979,-0.22259253036084486
1980,0.325089465539389
1981,0.4061352428688749
1982,0.4105423404379438
1983,0.16882926802906137
1984,-0.06578700892790185
1985,0.015862960887344596
1986,-0.1613863357785034
1987,-0.020642091979556423
1988,-0.1523828721842688
1989,0.4105423404379438
1990,-0.2712283148867192
1991,-0.23774918162897737
1992,0.24232889007206296
1993,0.015862960887344596
1994,0.015862960887344596
1995,0.16882926802906137
1996,0.027906053546071938
1997,0.0323518028653933
1998,0.09910509193384563
1999,-0.06578700892790185
2000,-0.003171157090390687
2001,-0.003171157090390687
2002,-0.0031937294349485
2003,-0.0031765478998840475
2004,-0.003172756821664104
2005,-0.0031817362687484385
2006,-0.003178125091728872
2007,-0.0030906294032405027
2008,-0.003174995832843148
2009,-0.003174995832843148
2010,-0.0031443721032848575
2011,-0.003168454768305709
2012,-0.0031550680218239997
2013,-0.003172756821664104
2014,-0.003168454768305709
2015,-0.003172756821664104
2016,-0.0031829867029709302
2017,-0.003144103844573518
2018,-0.0032068146936628386
2019,-0.0031540019834313654
2020,-0.0031817362687484385
2021,-0.0031937294349485
2022,-0.003172756821664104
2023,-0.0031505254760619008
2024,-0.0031551260734196613
2025,-0.0031829867029709302
2026,-0.003172756821664104
2027,-0.0031771273102495622
2028,-0.003144103844573518
2029,-0.0031817362687484385
2030,-0.0031891534406904426
2031,-0.0031848586837544537
2032,-0.0031722202806716703
2033,-0.0032084907879122234
2034,-0.003174995832843148
2035,-0.0030906294032405027
2036,-0.003171157090390687
2037,-0.0031665676274633976
2038,-0.003168454768305709
2039,-0.0031550680218239997
2040,-0.0031765478998840475
2041,-0.0031817362687484385
2042,-0.003168829142420901
2043,-0.0032208048489166274
2044,-0.0032068146936628386
2045,-0.0031722202806716703
2046,-0.003168454768305709
2047,-0.0032068146936628386
2048,-0.003172756821664104
2049,-0.0032169478317765426
2050,-0.0031722202806716703
2051,-0.0031817362687484385
2052,-0.0031761603528776662
2053,-0.003168829142420901
2054,-0.0031829867029709302
2055,-0.003168454768305709
2056,-0.0031937294349485
2057,-0.0031771273102495622
2058,-0.0031966231489757232
2059,-0.003178125091728872
2060,-0.0031725852060909025
2061,-0.003168829142420901
2062,-0.0031665676274633976
2063,-0.0031937294349485
2064,-0.0032084907879122234
2065,-0.0031550680218239997
2066,-0.0031966231489757232
2067,-0.0031848586837544537
2068,-0.0031771273102495622
2069,-0.0031848586837544537
2070,-0.003174995832843148
2071,-0.0031966231489757232
2072,-0.0031765478998840475
2073,-0.0031817362687484385
2074,-0.0031551260734196613
2075,-0.003172756821664104
2076,-0.003174995832843148
2077,-0.003137421569040531
2078,-0.0031722202806716703
2079,-0.0032084907879122234
2080,-0.0032084907879122234
2081,-0.003174995832843148
2082,-0.003174995832843148
2083,-0.0031891534406904426
2084,-0.0031848586837544537
2085,-0.003174995832843148
2086,-0.0031811455530455115
2087,-0.0031765478998840475
2088,-0.003178125091728872
2089,-0.0031550680218239997
2090,-0.0031937294349485
2091,-0.003137421569040531
2092,-0.0031848586837544537
2093,-0.0031817362687484385
2094,-0.0031722202806716703
2095,-0.0031937294349485
2096,-0.0031550680218239997
2097,-0.0031505254760619008
2098,-0.0031722202806716703
2099,-0.003178125091728872
2100,-0.0031966231489757232
2101,-0.0031817362687484385
2102,-0.0031722202806716703
2103,-0.003172756821664104
2104,-0.0031665676274633976
2105,-0.0031966231489757232
2106,-0.0031817362687484385
2107,-0.0031937294349485
2108,-0.0031848586837544537
2109,-0.003172756821664104
2110,-0.003168454768305709
2111,-0.0031937294349485
2112,-0.0030906294032405027
2113,-0.0030906294032405027
2114,-0.0031722202806716703
2115,-0.0031761603528776662
2116,-0.0031829867029709302
2117,-0.003172756821664104
2118,-0.003168829142420901
2119,-0.0031505254760619008
2120,-0.0031771273102495622
2121,-0.0031966231489757232
2122,-0.0031811455530455115
2123,-0.003172756821664104
2124,-0.0031765478998840475
2125,-0.0031722202806716703
2126,-0.0031749343496989047
2127,-0.003144103844573518
2128,-0.0031722202806716703
2129,-0.0031749343496989047
2130,-0.0031891534406904426
2131,-0.0031725852060909025
2132,-0.003174995832843148
2133,-0.0031722202806716703
2134,-0.0031811455530455115
2135,-0.0031540019834313654
2136,-0.003171157090390687
2137,-0.003178125091728872
2138,-0.003172756821664104
2139,-0.0031817362687484385
2140,-0.003174995832843148
2141,-0.0031891534406904426
2142,-0.0031540019834313654
2143,-0.0032068146936628386
2144,-0.0031829867029709302
2145,-0.0031771273102495622
2146,-0.0031848586837544537
2147,-0.0031749343496989047
2148,-0.0031550680218239997
2149,-0.0031761603528776662
2150,-0.003171157090390687
2151,-0.0031848586837544537
2152,-0.003172756821664104
2153,-0.0031540019834313654
2154,-0.0031966231489757232
2155,-0.0032169478317765426
2156,-0.0031817362687484385
2157,-0.0031551260734196613
2158,-0.0030906294032405027
2159,-0.0031550680218239997
2160,-0.0032169478317765426
2161,-0.0031966231489757232
2162,-0.003178125091728872
2163,-0.0031817362687484385
2164,-0.0031848586837544537
2165,-0.0031817362687484385
2166,-0.0031817362687484385
2167,-0.0031829867029709302
2168,-0.0031765478998840475
2169,-0.003172756821664104
2170,-0.003172756821664104
2171,-0.0031817362687484385
2172,-0.0032084907879122234
2173,-0.0031761603528776662
2174,-0.003144103844573518
2175,-0.003174995832843148
2176,-0.0031505254760619008
2177,-0.0032068146936628386
2178,-0.0032084907879122234
2179,-0.0031551260734196613
2180,-0.0032208048489166274
2181,-0.0031817362687484385
2182,-0.0031966231489757232
2183,-0.0031817362687484385
2184,-0.0031937294349485
2185,-0.0031811455530455115
2186,-0.003174995832843148
2187,-0.0031722202806716703
2188,-0.003178125091728872
2189,-0.0031765478998840475
2190,-0.0032208048489166274
2191,-0.0031817362687484385
2192,-0.0031937294349485
2193,-0.0031811455530455115
2194,-0.0031937294349485
2195,-0.0031848586837544537
2196,-0.0032169478317765426
2197,-0.003178125091728872
2198,-0.0030906294032405027
2199,-0.0031937294349485
2200,-0.011513178927104687
2201,0.09088307031478339
2202,-0.020311671454555907
2203,-0.010627424645817717
2204,-0.020311671454555907
2205,-0.022918632203429986
2206,-0.07150290070518078
2207,0.09088307031478339
2208,-0.07257734348329516
2209,-0.022918632203429986
2210,-0.020311671454555907
2211,0.09088307031478339
2212,-0.020311671454555907
2213,-0.02094013520651695
2214,-0.010627424645817717
2215,-0.00979918687630268
2216,-0.020311671454555907
2217,-0.07253498194007202
2218,-0.07253498194007202
2219,-0.006234083410634168
2220,0.03379249155006898
2221,-0.010627424645817717
2222,-0.00979918687630268
2223,-0.02094013520651695
2224,-0.07257734348329516
2225,-0.02094013520651695
2226,-0.0037498031675889222
2227,-0.07253498194007202
2228,0.09088307031478339
2229,-0.07257734348329516
2230,-0.07257734348329516
2231,-0.010627424645817717
2232,-0.020311671454555907
2233,-0.07150290070518078
2234,-0.011513178927104687
2235,-0.010627424645817717
2236,-0.006234083410634168
2237,0.09088307031478339
2238,-0.07150290070518078
2239,-0.020311671454555907
2240,-0.006234083410634168
2241,0.03379249155006898
2242,-0.020311671454555907
2243,-0.006234083410634168
2244,-0.011513178927104687
2245,-0.022918632203429986
2246,-0.07150290070518078
2247,-0.010627424645817717
2248,-0.07257734348329516
2249,-0.02094013520651695
2250,-0.07253498194007202
2251,-0.011513178927104687
2252,-0.010627424645817717
2253,-0.022918632203429986
2254,0.09088307031478339
2255,-0.02094013520651695
2256,-0.020311671454555907
2257,-0.011513178927104687
2258,0.03379249155006898
2259,-0.008129143339623703
2260,0.03379249155006898
2261,-0.011513178927104687
2262,-0.0037498031675889222
2263,-0.008129143339623703
2264,-0.0037498031675889222
2265,-0.008129143339623703
2266,-0.020311671454555907
2267,-0.020311671454555907
2268,0.09088307031478339
2269,-0.007345471940417483
2270,-0.022918632203429986
2271,-0.07257734348329516
2272,-0.008129143339623703
2273,-0.07253498194007202
2274,-0.07253498194007202
2275,-0.0532781751017141
2276,-0.011513178927104687
2277,-0.006234083410634168
2278,-0.07150290070518078
2279,-0.020311671454555907
2280,-0.07150290070518078
2281,-0.008129143339623703
2282,-0.0037498031675889222
2283,-0.007345471940417483
2284,-0.02094013520651695
2285,-0.011513178927104687
2286,-0.008129143339623703
2287,-0.02094013520651695
2288,-0.02094013520651695
2289,-0.07257734348329516
2290,0.09088307031478339
2291,-0.07253498194007202
2292,-0.020311671454555907
2293,-0.006234083410634168
2294,0.09088307031478339
2295,-0.0037498031675889222
2296,-0.0037498031675889222
2297,0.03379249155006898
2298,0.09088307031478339
2299,-0.011513178927104687
2300,-0.011513178927104687
2301,-0.007345471940417483
2302,-0.07253498194007202
2303,-0.011513178927104687
2304,-0.010627424645817717
2305,0.03379249155006898
2306,0.09088307031478339
2307,-0.011513178927104687
2308,-0.00979918687630268
2309,-0.006234083410634168
2310,0.09088307031478339
2311,0.03379249155006898
2312,0.03379249155006898
2313,0.09088307031478339
2314,0.09088307031478339
2315,-0.0037498031675889222
2316,0.09088307031478339
2317,-0.011513178927104687
2318,-0.020311671454555907
2319,0.09088307031478339
2320,-0.011513178927104687
2321,-0.011513178927104687
2322,-0.07253498194007202
2323,-0.011513178927104687
2324,-0.00979918687630268
2325,-0.0037498031675889222
2326,0.09088307031478339
2327,-0.07253498194007202
2328,-0.010627424645817717
2329,-0.07253498194007202
2330,0.03379249155006898
2331,-0.0532781751017141
2332,0.03379249155006898
2333,-0.010627424645817717
2334,-0.011513178927104687
2335,-0.02094013520651695
2336,-0.0037498031675889222
2337,-0.02094013520651695
2338,-0.020311671454555907
2339,-0.011513178927104687
2340,-0.011513178927104687
2341,0.03379249155006898
2342,-0.00979918687630268
2343,-0.011513178927104687
2344,-0.022918632203429986
2345,-0.00979918687630268
2346,-0.010627424645817717
2347,-0.00979918687630268
2348,-0.011513178927104687
2349,-0.0532781751017141
2350,0.09088307031478339
2351,-0.011513178927104687
2352,-0.020311671454555907
2353,-0.00979918687630268
2354,-0.007345471940417483
2355,-0.07150290070518078
2356,-0.07150290070518078
2357,-0.007345471940417483
2358,-0.007345471940417483
2359,-0.02094013520651695
2360,-0.010627424645817717
2361,0.03379249155006898
2362,0.09088307031478339
2363,-0.0532781751017141
2364,-0.0037498031675889222
2365,-0.0037498031675889222
2366,-0.020311671454555907
2367,-0.011513178927104687
2368,-0.07150290070518078
2369,-0.0532781751017141
2370,0.03379249155006898
2371,-0.07257734348329516
2372,-0.008129143339623703
2373,-0.006234083410634168
2374,-0.020311671454555907
2375,-0.020311671454555907
2376,0.03379249155006898
2377,-0.0037498031675889222
2378,-0.07257734348329516
2379,-0.007345471940417483
2380,-0.022918632203429986
2381,0.03379249155006898
2382,-0.0037498031675889222
2383,-0.020311671454555907
2384,-0.07257734348329516
2385,0.03379249155006898
2386,-0.011513178927104687
2387,-0.020311671454555907
2388,0.03379249155006898
2389,0.03379249155006898
2390,-0.07150290070518078
2391,-0.007345471940417483
2392,0.09088307031478339
2393,-0.07257734348329516
2394,-0.010627424645817717
2395,-0.020311671454555907
2396,-0.011513178927104687
2397,-0.07257734348329516
2398,-0.02094013520651695
2399,-0.02094013520651695
2400,-0.5838965292116677
2401,-0.447689665916832
2402,0.6005109776999467
2403,-0.17231492055988173
2404,0.9099374388806054
2405,-0.7339214800871386
2406,0.38943263986105514
2407,-0.16512387498220418
2408,0.5314205397967707
2409,-0.645090917068768
2410,-0.5261566632497265
2411,-0.140730720375572
2412,1.3422461789033475
2413,-0.787219817898161
2414,0.8206133727343549
2415,-0.6095586918614196
2416,-0.175275939327161
2417,0.24666923501010193
2418,-0.6786491297645957
2419,0.24666923501010193
2420,1.9517225418349462
2421,-0.725038423785302
2422,2.012916929692045
2423,-0.5276371726333661
2424,0.06061855579940201
2425,-0.8276870743843091
2426,-0.447689665916832
2427,-1.0408804256283979
2428,-0.787219817898161
2429,-0.665818048439721
2430,0.21064350667487367
2431,-0.225613258370904
2432,-0.499507494344215
2433,-0.580935510444389
2434,0.16721523142144779
2435,0.5176024522161338
2436,0.7821201287597278
2437,-0.14270473288709132
2438,-0.5744212691563735
2439,2.17873398065967
2440,-0.5705719447589125
2441,0.2718378945319747
2442,0.532407546052529
2443,0.09121574972795232
2444,0.434693926732321
2445,-0.072627288728154
2446,-0.622389773186295
2447,-0.674701104741556
2448,-0.5744212691563735
2449,-0.548364304004319
2450,-0.6105456981171795
2451,0.10305982479706875
2452,0.38943263986105514
2453,-0.4545987097071496
2454,-1.03989341937264
2455,-0.8355831244303874
2456,0.9591232506259644
2457,-0.6184417481632566
2458,-0.050913151101441456
2459,0.6437418517022213
2460,-0.5744212691563735
2461,0.431732907965042
2462,-0.8316350994073457
2463,0.961755267307989
2464,0.5552496908286805
2465,0.9845974120841426
2466,-0.063744232426317
2467,2.0296960360399603
2468,0.7821201287597278
2469,0.02804734935933299
2470,1.13941639334473
2471,-0.4545987097071496
2472,-0.6875321860664348
2473,-0.36478114043301896
2474,1.953696554346465
2475,-0.665818048439721
2476,1.3422461789033475
2477,0.6347741948641763
2478,-0.29075567125104335
2479,0.452460039335995
2480,0.9845974120841426
2481,1.5717251333674682
2482,-0.33911897778326744
2483,0.3357958999052008
2484,-0.20488612699995118
2485,2.326044664331805
2486,-0.610545698117179
2487,-0.3943913281058096
2488,0.9591232506259644
2489,1.1046244228292008
2490,0.600510977699947
2491,-0.646077923324528
2492,-0.8316350994073457
2493,0.6251861340939383
2494,0.6347741948641763
2495,0.5552496908286805
2496,-0.206366636383591
2497,-0.27002853988009
2498,0.757444972365736
2499,-0.6095586918614196
2500,0.47417417696270764
2501,-1.19090537650387
2502,-0.140730720375572
2503,-0.46397526913686704
2504,-0.30062573380863983
2505,0.3020402859582194
2506,2.372680709916445
2507,-0.07460130123967354
2508,-1.29158001459136
2509,-1.03989341937264
2510,0.0749301465079175
2511,0.206695481651835
2512,-1.0408804256283979
2513,-0.5276371726333661
2514,0.5094596506061164
2515,0.8336912056231692
2516,-1.03693240060536
2517,-0.21673020206906748
2518,0.0823326934261153
2519,-1.03693240060536
2520,0.09121574972795232
2521,-0.7270124362968221
2522,0.26098082571861764
2523,-0.622389773186295
2524,-0.7753757428290445
2525,-0.587844554234707
2526,0.7821201287597278
2527,-0.5276371726333661
2528,0.47417417696270764
2529,0.0675275995897202
2530,-0.447689665916832
2531,0.47417417696270764
2532,-0.447689665916832
2533,-0.7092463236931458
2534,-0.725038423785302
2535,0.899573873195129
2536,0.47417417696270764
2537,0.5176024522161338
2538,0.24666923501010193
2539,-0.050913151101441456
2540,-0.341092990294787
2541,-0.2167302020690675
2542,0.13563103123713954
2543,-0.046965126078402676
2544,-0.36478114043301896
2545,0.10454033418070799
2546,-0.548364304004319
2547,-0.645090917068768
2548,0.3734995388752204
2549,0.5552496908286805
2550,-0.6184417481632566
2551,1.2081120287456053
2552,1.5911832566953048
2553,0.600510977699947
2554,-0.7092463236931458
2555,-0.499507494344215
2556,-1.29158001459136
2557,-0.046965126078402676
2558,-0.7270124362968221
2559,0.511680414681576
2560,-0.20488612699995118
2561,0.24666923501010193
2562,0.24666923501010193
2563,0.600510977699947
2564,-0.20488612699995118
2565,0.43173290796504105
2566,1.5911832566953048
2567,0.135631031237138
2568,-0.17231492055988173
2569,1.4636479483617881
2570,-0.5246761538660875
2571,2.4777968761548563
2572,1.5717251333674682
2573,-0.072627288728154
2574,0.6347741948641763
2575,-0.622389773186295
2576,-0.3943913281058096
2577,0.5472126398889241
2578,-0.8474271994995011
2579,-0.5829095229559083
2580,0.7811331225039679
2581,0.7248737659256673
2582,-0.622389773186295
2583,0.9591232506259644
2584,0.8336912056231692
2585,0.7416528722735817
2586,-0.622389773186295
2587,0.4884857676712235
2588,-0.7329344738313806
2589,0.6347741948641763
2590,-0.518754116331529
2591,0.0823326934261153
2592,-0.684571167299155
2593,-0.1545488079562075
2594,-0.17231492055988173
2595,-0.3677421592002979
2596,0.7248737659256673
2597,1.953696554346465
2598,-0.7951158679442386
2599,-0.787219817898161
